channel,valid_sub_nodes
jichang_list,0
linux_do_channel,0
hostloc_pro,0
arzhecn,0
Impart_Cloud,0
serveruniverse,0
wxgqlfx,0
schpd,0
anranbp,0
nodeseekc,0
helingqi,0
baipiao_ml,0
jichangtuijian,0
DocOfCard,0
Airport_News,0
v2ray_configs_pool,0
AI_News_CN,0
jichangbaipiao,0
freemason6,0
Gap_Mafiya,0
PrivateVPNs,0
VlessConfig,0
IP_CF_Config,0
DirectVPN,0
manVPN,0
ELiV2RAY,0
pgkj666,0
wangcai_8,0
Outline_Vpn,0
FreakConfig,0
PPT_f66_zHk2ZDY8,0
V2rayNGX,0
oneclickvpnkeys,0
sharecentrepro,0
academi_vpn,0
freedatazone1,0
mypremium98,0
freev2rayi,0
vpn_mafia,0
allv2board,0
inikotesla,0
bigsmoke_config,0
vpn_443,0
ccbaohe,43
mftizi,0
hkaa0,0
qun521,0
dingyue_Center,0
v2rayng_my2,0
vpnplusee_free,0
awxdy666,0
prossh,0
trand_farsi,0
v2rayngalpha,0
v2rayngalphagamer,0
freeVPNjd,9
go4sharing,0
dr_v2ray,0
freekankan,0
vpn_3000,10
Newlearner,0
jiedian_share,0
